﻿[
  {
    "Path": "MAMBaTest\\test_data\\gui\\modules\\ModelSandbox\\pathdefCustom.m",
    "ReplaceRegEx": "(\\\\MSW)",
    "Replacement": "\\ActP"
  },
  {
    "Path": "src\\gui\\modules\\ApplicationProject\\VisionControls\\VCProject.m",
    "ReplaceRegEx": "('MSW')",
    "Replacement": "'ActP'"
  },
  {
    "Path": "src\\gui\\modules\\ApplicationProject\\Flavored\\FlavoredProject.m",
    "ReplaceRegEx": "('MSW')",
    "Replacement": "'ActP'"
  },
  {
    "Path": "MAMBaTest\\unit_tests\\gui\\modules\\ApplicationProject\\VisionControls\\VCProjectTest.m",
    "ReplaceRegEx": "('MSW')",
    "Replacement": "'ActP'"
  },
  {
    "Path": "MAMBaTest\\unit_tests\\gui\\modules\\ApplicationProject\\VisionControls\\VCProjectTest.m",
    "ReplaceRegEx": "(\\\\MSW)",
    "Replacement": "\\ActP"
  },
  {
    "Path": "MAMBaTest\\unit_tests\\gui\\modules\\ApplicationProject\\VisionControls\\VCPartitionTest.m",
    "ReplaceRegEx": "('MSW')",
    "Replacement": "'ActP'"
  }
] 
